fdc_id,name_ar
171688,تفاح طازج بالقشر
173944,موز طازج
169097,برتقال طازج
169105,يوسفي طازج (مندلينا)
174683,عنب طازج
167762,فراولة طازجة
167765,بطيخ أحمر طازج
169092,شمام طازج
169910,مانجو طازجة
169124,أناناس طازج
169118,كمثرى طازجة (إجاص)
169928,خوخ طازج
171697,مشمش طازج
171719,كرز طازج
169134,رمان طازج
173021,تين طازج
174665,تين مجفف
168153,كيوي طازج
173044,جوافة طازجة
167746,ليمون طازج بدون قشر
173033,جريب فروت طازج
171705,أفوكادو طازج
171711,توت أزرق طازج
168191,تمر مجدول
171726,تمر دقلة نور
168165,زبيب
173941,مشمش مجفف
168162,برقوق مجفف
170170,جوز هند مبشور مجفف
168409,خيار طازج بالقشر
170457,طماطم طازجة
169247,خس طازج
170393,جزر نيء
170000,بصل نيء
169230,ثوم نيء
170427,فلفل رومي أخضر نيء
170108,فلفل رومي أحمر نيء
170440,بطاطا مسلوقة
170093,بطاطا مشوية بالفرن
168483,بطاطا حلوة مشوية
169228,باذنجان نيء
169291,كوسا نيئة
170379,بروكلي نيء
169986,قرنبيط نيء (زهرة)
169975,ملفوف نيء
168462,سبانخ نيئة
170416,بقدونس طازج
173475,نعناع طازج
169961,فاصولياء خضراء نيئة
170419,بازيلاء خضراء نيئة
169998,ذرة حلوة نيئة
169251,فطر نيء
169145,شمندر نيء (بنجر)
169276,فجل طازج
169260,بامية نيئة
168420,ملوخية مطبوخة
169387,جرجير طازج
169988,كرفس طازج
169094,زيتون أسود
168878,أرز أبيض طويل الحبة مطبوخ
169704,أرز بني مطبوخ
170287,برغل مطبوخ
173904,شوفان جاف (غير مطبوخ)
169737,معكرونة مطبوخة
168910,معكرونة قمح كامل مطبوخة
168917,كينوا مطبوخة
169700,كسكس مطبوخ
174915,خبز عربي أبيض
174916,خبز عربي قمح كامل
174924,خبز توست أبيض
172688,خبز توست قمح كامل
168894,دقيق قمح أبيض
168893,دقيق قمح كامل
174648,رقائق الذرة (كورن فليكس)
167959,فشار
172421,عدس مطبوخ
173757,حمص مطبوخ
173753,فول مطبوخ
175194,فاصولياء حمراء مطبوخة
175203,فاصولياء بيضاء مطبوخة
172455,فلافل محضرة منزليا
170189,طحينة
171477,صدر دجاج مشوي بدون جلد
172388,فخذ دجاج مشوي بدون جلد
171450,دجاج كامل مشوي مع الجلد
174032,لحم بقري مفروم مطبوخ (15% دهون)
174031,لحم بقري مفروم مطبوخ (10% دهون)
173118,ستيك لحم بقري مشوي
168627,كبدة بقر مطبوخة
171481,ديك رومي (حبش) مطبوخ
175168,سمك سلمون مطبوخ
173709,سمك تونا معلب بالماء
173708,سمك تونا معلب بالزيت
175177,سمك البلطي مطبوخ
171963,سمك الهامور مطبوخ
175139,سردين معلب بالزيت
171971,روبيان (جمبري) مطبوخ
173424,بيض كامل مسلوق
171287,بيض كامل نيء
172183,بياض بيض نيء
173423,بيض مقلي
171265,حليب كامل الدسم
171267,حليب قليل الدسم (2%)
171269,حليب خالي الدسم
171284,لبن زبادي كامل الدسم
170886,لبن زبادي قليل الدسم
170894,زبادي يوناني خالي الدسم
173420,جبنة بيضاء (فيتا)
172182,جبنة قريش (كوتيج)
170845,جبنة موزاريلا
170899,جبنة شيدر
170874,لبن رائب (عيران)
173410,زبدة
173412,سمن
170567,لوز
170187,جوز (عين الجمل)
170184,فستق حلبي نيء (غير محمص)
170162,كاجو نيء (غير محمص)
172430,فول سوداني نيء (غير محمص)
172470,زبدة الفول السوداني
170554,بذور الشيا المجففة
169414,بذور الكتان
170562,بذور دوار الشمس المجففة
170556,بذور اليقطين المجففة
170150,سمسم مجفف
171413,زيت زيتون
171017,زيت دوار الشمس
171029,زيت ذرة
169655,سكر أبيض
169640,عسل
169641,مربى
170273,شوكولاتة داكنة (70-85%)
167587,شوكولاتة بالحليب
174950,بسكويت سادة
172704,كيك سادة
167575,آيس كريم فانيلا
167996,حلاوة طحينية
169098,عصير برتقال طازج
173933,عصير تفاح
171890,قهوة سوداء
173227,شاي أسود
174852,مشروب غازي
170879,حليب بالشوكولاتة
170174,مياه جوز الهند
